Order_ID,Latitude,Longitude,Distance_m,Delivery_Time_min,Demand
0,12.9790062,77.6428583,1027.6197513692325,9.398280245878993,3
1,12.978746099999999,77.6414747,947.3974765586636,9.064901814753206,1
2,12.981980699999998,77.6383683,151.43033599112047,4.455419119107215,1
3,12.9786993,77.6414547,947.3974765586636,7.589424285522613,5
4,12.983367688915823,77.63973609238644,268.8421009875829,5.639404810306026,3
5,12.980672953680097,77.64285827210675,751.4331742566142,6.600748368099262,3
6,12.980185347807115,77.64216448420534,821.1259709950707,6.356252335438905,3
7,12.97930891032861,77.64317747446933,1023.598723937867,9.9561472111634,4
8,12.982920405080659,77.64473450479872,1382.0055903503785,10.708751154795928,3
9,12.983862167528809,77.63922933418735,268.8421009875829,5.327182638374392,5
10,12.982657637510396,77.63853052582313,140.7921417525406,3.4792847114097265,4
11,12.981519306006994,77.63857352497577,340.38111558443416,4.981641007061482,3
12,12.981408793917401,77.63856612502569,340.38111558443416,4.055291575428634,5
13,12.981306045096584,77.63857807503405,340.38111558443416,5.425979869004712,1
14,12.981747855367777,77.63855827463013,200.10104739012536,4.374059231883628,5
15,12.981853124596528,77.63856563456555,200.10104739012536,4.932953497319361,1
16,12.9826794,77.63785650000001,31.175574673125794,4.836381328418258,2
17,12.982462960058236,77.63803881725761,151.43033599112047,3.4339926661491003,3
18,12.982806649999997,77.63808095,140.7921417525406,3.5548791052997535,5
19,12.982671631607937,77.6380995769171,140.7921417525406,3.15442282049051,1
20,12.982419884249873,77.6378205322504,86.60837427808954,5.115135262337975,2
21,12.982588824163425,77.63969929469174,301.5563076833993,4.3284588931904375,3
22,12.981735855324311,77.63902417507079,340.38111558443416,6.066176378168775,3
23,12.982546150000003,77.63946705000001,279.18561675555236,5.645651751804091,1
24,12.98086055,77.63907950000001,428.842160723893,6.4165719409830775,5
25,12.981536666650069,77.64265168365641,723.2911700628055,7.751391891636685,5
26,12.981757355153222,77.64042997482787,437.6448877082429,6.407834611107754,5
27,12.98055742484528,77.64124638671744,729.3608900703565,6.041312334859681,4
28,12.9822964,77.6404115,408.5577548798012,6.509801058376717,3
29,12.980409625167079,77.64051741282323,528.4951803447428,7.298122077683976,1
30,12.981524399999998,77.64045005,437.6448877082429,5.50026115937351,2
31,12.980089705315638,77.64030292656773,694.4827552786822,6.9259900712670195,2
32,12.980764925110742,77.64048556634657,528.4951803447428,5.908823738271009,2
33,12.98013545,77.6405544,694.4827552786822,7.063896437110069,4
34,12.980519949999998,77.64049924999999,528.4951803447428,7.26593251111438,3
35,12.981256620311989,77.64047446059988,437.6448877082429,6.860905115649304,3
36,12.9810118,77.64047865,528.4951803447428,6.37998431093091,4
37,12.980265399999999,77.64051500000001,694.4827552786822,8.232702263410996,1
38,12.980393272671497,77.64030104096818,528.4951803447428,6.611606693657194,5
39,12.981883000000002,77.64043459999999,437.6448877082429,5.930047280337746,5
40,12.98013235,77.64045705000001,694.4827552786822,6.267787164160566,2
41,12.981638949999997,77.64041484999998,437.6448877082429,4.223734598073367,1
42,12.982169821293008,77.64042244298832,408.5577548798012,5.054171148729771,4
43,12.980890803752935,77.64047467486385,528.4951803447428,5.268020922887168,1
44,12.980645499999998,77.6404818,528.4951803447428,6.407844468540682,2
45,12.9820168,77.64041865,408.5577548798012,4.223380998626405,1
46,12.981152699999997,77.6404664,528.4951803447428,6.544789287863901,1
47,12.981063349999998,77.63796735000001,428.842160723893,4.5755766637896444,1
48,12.982061919398221,77.63808806205442,151.43033599112047,2.866046178590902,3
49,12.980628275163292,77.63815781197177,428.842160723893,6.410150208336036,1
50,12.981407175138395,77.63811861108587,151.43033599112047,5.428968257168394,5
51,12.980191274834402,77.63816033809024,428.842160723893,4.349542670562085,1
52,12.981511855840942,77.63795347475502,86.60837427808954,4.939734993837301,3
53,12.98151416975041,77.63811521154192,151.43033599112047,5.424116182124739,2
54,12.980071605743387,77.6380124747591,428.842160723893,4.990901804716044,5
55,12.98106627482863,77.63813953715665,428.842160723893,5.020896374214281,4
56,12.980517043968716,77.63800257524287,428.842160723893,7.009832695803473,3
57,12.980520349999999,77.63815109999999,428.842160723893,6.632515327766956,5
58,12.9800749,77.6381816,428.842160723893,6.023805439883153,5
59,12.981402749999999,77.63795544999999,86.60837427808954,2.677725317195081,5
60,12.982052425244277,77.6379239624944,86.60837427808954,2.7239070894387605,4
61,12.980963530744196,77.63797423737198,428.842160723893,5.938866501017992,1
62,12.98188861293115,77.63793032474705,86.60837427808954,4.281043698576432,2
63,12.980859800000001,77.63815310000003,428.842160723893,6.261403716604587,2
64,12.980412356486267,77.63815262483783,428.842160723893,6.075839349701283,3
65,12.981718724762047,77.63792913890495,86.60837427808954,3.114526971132031,5
66,12.981752199999999,77.63808825000001,151.43033599112047,4.829707445256176,4
67,12.981296399999998,77.6381236,151.43033599112047,4.854127987754274,2
68,12.980732049999999,77.63798785000002,428.842160723893,4.665614682626842,3
69,12.980739699999999,77.63814590000001,428.842160723893,5.8230330612179095,3
70,12.980294424833238,77.63816383707604,428.842160723893,6.886330117356781,2
71,12.981608774742444,77.63794878652723,86.60837427808954,3.134957808631142,3
72,12.981953449999997,77.63809645,151.43033599112047,5.565506125048218,5
73,12.980627324760881,77.63799368815323,428.842160723893,4.477201004488096,4
74,12.980959455175292,77.63814237482993,428.842160723893,6.613037199635455,5
75,12.980402100000001,77.6380056,428.842160723893,5.528639067461026,3
76,12.981180775230964,77.63796856035775,86.60837427808954,5.277212303751274,3
77,12.9821641,77.63808605,151.43033599112047,3.65875201174659,3
78,12.981854124593628,77.6381026374273,151.43033599112047,5.021313596658541,4
79,12.981293469260152,77.63796101261082,86.60837427808954,5.424730313373769,2
80,12.982155979699323,77.63790746104452,86.60837427808954,4.213061003638691,4
81,12.98084982475788,77.63798058794221,428.842160723893,5.729960728739557,5
82,12.981625099999997,77.63811205,151.43033599112047,3.7457753279236172,4
83,12.980189699999997,77.63800944999998,428.842160723893,6.838513064203525,4
84,12.981183400000003,77.63813015,340.38111558443416,5.18512062645449,5
85,12.980290049999999,77.6380081,428.842160723893,6.166151533893737,4
86,12.98304173106175,77.63841625939975,100.6524081177038,3.8504027384553567,1
87,12.981728270995607,77.63884324274157,340.38111558443416,4.574246678925955,5
88,12.981192300000002,77.63888355,340.38111558443416,4.989626636793241,2
89,12.982221200000001,77.63932815000001,279.18561675555236,4.932988422468112,5
90,12.981855300000001,77.63884579999998,295.86148804426205,4.255078037504938,5
91,12.982102008398403,77.63923487484973,295.86148804426205,4.83875363176565,1
92,12.98019166965782,77.63863606195731,428.842160723893,4.729591813848566,5
93,12.980740874969468,77.63861093777467,428.842160723893,5.003021649845444,4
94,12.9801776,77.63846745000001,428.842160723893,5.67616941831932,4
95,12.981297399999997,77.63841244999998,340.38111558443416,6.44434037982487,2
96,12.980746425031816,77.63845336149501,428.842160723893,6.589054473198885,4
97,12.981837615893852,77.63934877479947,323.38129972600444,4.45489901422623,4
98,12.982065749999999,77.6388284,200.10104739012536,5.6010105588419945,2
99,12.980073305751683,77.63910752482843,428.842160723893,5.287851881063126,5
100,12.981409049999996,77.63904649999999,340.38111558443416,5.56556891058377,3
101,12.98201615,77.6392414,295.86148804426205,5.16150199522763,2
102,12.98074781989474,77.6388968115601,428.842160723893,6.363198424067248,1
103,12.98206095,77.63899925,295.86148804426205,5.374255583709799,3
104,12.980299299999997,77.6384603,428.842160723893,4.741205397343031,2
105,12.980191519406565,77.63909916238504,428.842160723893,4.7766198363925,5
106,12.9813041,77.63887880000001,340.38111558443416,5.404716037836163,4
107,12.980741799999999,77.63906105000001,428.842160723893,6.097937858142693,4
108,12.9819624,77.6388302,295.86148804426205,5.173979978116631,4
109,12.980845049999997,77.63886175,428.842160723893,4.2015373984918565,2
110,12.9805242,77.6389025,428.842160723893,4.76627270436024,5
111,12.981302499999996,77.6390322,340.38111558443416,6.013538882274547,2
112,12.980417443040857,77.63890347490756,428.842160723893,6.648203581174553,2
113,12.982179385878469,77.63835428220476,151.43033599112047,5.349105392723654,2
114,12.981406750000003,77.6388491,340.38111558443416,4.6582288744802005,4
115,12.98107735,77.63888725,428.842160723893,4.844820686894526,4
116,12.981411530620553,77.6383907128347,340.38111558443416,6.514393374061749,3
117,12.9809659,77.63888925,428.842160723893,4.502289927507636,2
118,12.980522149999995,77.63907455,428.842160723893,5.223797776179289,2
119,12.98195575765421,77.6390178248551,295.86148804426205,4.949138212220806,3
120,12.981629849999996,77.63884655,340.38111558443416,4.525464242830237,3
121,12.982186975158957,77.63853821160546,200.10104739012536,3.4163113820093756,3
122,12.98029869433858,77.6390950251534,428.842160723893,4.974606770745809,5
123,12.981515725108292,77.63886023367691,340.38111558443416,4.698300884665704,1
124,12.981074775159298,77.63904311232167,428.842160723893,4.18482553517374,4
125,12.981847899999998,77.63836305000001,151.43033599112047,2.96355435862867,1
126,12.981844975206666,77.63952576891216,323.38129972600444,4.108290544381437,5
127,12.98108395,77.63859015000003,428.842160723893,6.977762350431474,5
128,12.98096445,77.63904955000001,428.842160723893,5.999294898563589,3
129,12.982198749999998,77.63898670000002,250.9969909158618,3.687018663525887,1
130,12.981673499999998,77.6392583,340.38111558443416,6.033882598844496,2
131,12.980414149999998,77.639089,428.842160723893,5.8064743281287825,2
132,12.980407305056339,77.63845062482227,428.842160723893,6.301806470062122,2
133,12.980194299999999,77.63892955,428.842160723893,6.013245900683826,2
134,12.981791,77.63925415000001,295.86148804426205,4.966860218515203,1
135,12.981917200000002,77.63952524999999,345.20550489062765,5.237781702929094,2
136,12.9803106,77.6386344,428.842160723893,6.345635377259539,1
137,12.980983599999998,77.6384173,428.842160723893,6.978746309060799,4
138,12.981517993934036,77.63838742516037,340.38111558443416,5.769938669382892,1
139,12.98085625,77.63859785,428.842160723893,6.968826423320971,4
140,12.9806326,77.63906985,428.842160723893,5.065588422980072,5
141,12.981724600000002,77.63926889999999,340.38111558443416,5.467119563406081,1
142,12.980412099999999,77.6386344,428.842160723893,6.11924658513024,2
143,12.981872549999997,77.63925215,295.86148804426205,5.9863747558844,1
144,12.981743400000001,77.6383807,151.43033599112047,5.3387217018870485,5
145,12.980528119445783,77.63861431228685,428.842160723893,5.674249658673357,5
146,12.98163115,77.63838510000001,151.43033599112047,4.291266847005687,4
147,12.980976700000001,77.63860455000003,428.842160723893,5.845895773550504,5
148,12.98008485,77.63867425000001,428.842160723893,4.8303906305442865,3
149,12.981732449999997,77.6393487,368.21349227817143,5.695644667905716,5
150,12.981199843824536,77.6385904750275,340.38111558443416,5.828244467282495,3
151,12.98162365,77.6392608,340.38111558443416,6.0084245229017315,5
152,12.98062415,77.63843805,428.842160723893,5.5485459577331735,2
153,12.982194149999998,77.6388289,200.10104739012536,4.698551804994604,1
154,12.98207125,77.63836105000001,151.43033599112047,3.2248877646641207,5
155,12.981626545228421,77.63901667517185,340.38111558443416,4.305206956179289,3
156,12.980069674826247,77.63846063543092,428.842160723893,4.802410926820093,3
157,12.9811915,77.63842584999998,340.38111558443416,4.998763508956169,4
158,12.981650399999998,77.63935245,368.21349227817143,5.073064271494242,2
159,12.982221199999994,77.6392282,250.9969909158618,5.507032482428937,5
160,12.980513799999999,77.63844595,428.842160723893,4.887663997355711,2
161,12.980077599999998,77.63858864999999,428.842160723893,5.268082538825952,2
162,12.98119522515963,77.63903811269874,340.38111558443416,6.314399839854113,1
163,12.982057465874497,77.63932997480924,323.38129972600444,5.476075993828027,4
164,12.980628599999998,77.6389139,428.842160723893,4.176724412734864,3
165,12.980986410897764,77.64002512475743,528.4951803447428,5.126291857148653,3
166,12.980883949999997,77.63999360000001,528.4951803447428,4.75773980320626,5
167,12.985028499999995,77.64431445000001,895.1898864471987,7.610252276607644,4
168,12.9837716,77.64466780000001,1149.5970156683554,10.55322758015603,2
169,12.981656550000004,77.64150385,548.1620251941551,7.0928654314849995,1
170,12.983058799999998,77.642852,601.2678868738494,5.632797862768404,1
171,12.983700980605226,77.6441444515126,1149.5970156683554,8.383222011729075,2
172,12.983648916417923,77.644433920842,1149.5970156683554,8.820767888407506,1
173,12.982873671185219,77.64338600992501,723.3735295794143,6.126168120436972,4
174,12.982913570915356,77.64327090833453,723.3735295794143,6.563200195759045,3
175,12.984462619933204,77.64452394810995,895.1898864471987,7.632387274592049,2
176,12.984047879486026,77.6443464021687,1149.5970156683554,9.76892042661705,5
177,12.9834597,77.64271185,601.2678868738494,5.268683970656532,5
178,12.981556875025028,77.64168708969986,621.9449496039956,7.772941482381411,1
179,12.983687889502797,77.6422847554808,569.5452767546349,6.212040201046728,2
180,12.981414441702341,77.64214107999744,723.2911700628055,6.794592607701234,3
181,12.98040317516238,77.6393681631378,428.842160723893,6.961389614238007,3
182,12.980088495195046,77.6395573251766,477.7097412991801,5.655205741777916,3
183,12.982664025846246,77.63864205520065,200.10104739012536,5.581637400954174,4
184,12.981826,77.63977514999999,345.20550489062765,3.8131064518591202,2
185,12.9802008,77.63986125000001,477.7097412991801,5.075646175680111,3
186,12.982132724853573,77.63946974250429,323.38129972600444,5.8760404732419635,4
187,12.98029875,77.63937324999999,428.842160723893,4.725148846979726,5
188,12.982972550000001,77.63972715000001,301.5563076833993,6.101016574456138,3
189,12.982046874857362,77.6394608919842,323.38129972600444,4.314867313323857,3
190,12.982056150000002,77.63975855,345.20550489062765,5.481089123875169,2
191,12.9801956904035,77.63952372516441,477.7097412991801,5.968284966993851,3
192,12.9826552,77.63842739999998,140.7921417525406,5.260045014158059,5
193,12.98031680602808,77.63984752516912,477.7097412991801,5.610674369450393,1
194,12.981888499999998,77.64021035,437.6448877082429,6.043980899572017,5
195,12.98225767484681,77.63951149031116,301.5563076833993,3.5166592662876894,2
196,12.982513549999998,77.6389506,250.9969909158618,3.285269260961819,3
197,12.983008999999997,77.63982165,350.3135341458872,6.001037618856623,5
198,12.982065084128099,77.63955976736635,345.20550489062765,5.958692865150871,3
199,12.982955399999998,77.63952179999998,301.5563076833993,4.048638666808415,2
200,12.980648199999997,77.63999584999999,528.4951803447428,7.352029364266404,5
201,12.98195205,77.63994044999998,345.20550489062765,6.3410507930505755,5
202,12.982758250000002,77.63988950000001,350.3135341458872,4.650052885378257,1
203,12.980425399999998,77.63984505000002,477.7097412991801,7.213107564261266,3
204,12.982147149999998,77.63956195,345.20550489062765,6.5969112414179,2
205,12.9829742,77.6396359,301.5563076833993,3.7199691529402497,5
206,12.98204937042349,77.6399259590295,345.20550489062765,5.161572198113824,2
207,12.982721011954883,77.63908282419136,250.9969909158618,5.649611795315965,4
208,12.980651100000001,77.639839,477.7097412991801,5.138657598006786,3
209,12.98031920530524,77.64000337502544,528.4951803447428,5.093451838244119,4
210,12.981668320094746,77.64025008883688,437.6448877082429,4.690288542629553,1
211,12.982170950000002,77.63977605000001,345.20550489062765,5.946217212175223,2
212,12.98019725,77.63937880000002,428.842160723893,5.232521719235862,5
213,12.982690949999997,77.63898544999999,250.9969909158618,4.860063458664528,5
214,12.98184065,77.63994205,437.6448877082429,5.878161245799284,4
215,12.980310305440751,77.63954642483812,477.7097412991801,6.893343660208977,5
216,12.982614060451889,77.64025802421921,350.3135341458872,5.26134052426916,3
217,12.983037049999998,77.63994815000001,398.5863701675846,4.4703669533470896,3
218,12.98020205,77.64000775,528.4951803447428,7.364611475195623,1
219,12.981564449999999,77.6402515,437.6448877082429,6.738632478616836,3
220,12.980537169663542,77.64000066194276,528.4951803447428,5.8660909800940715,3
221,12.982158099999998,77.63991555,350.3135341458872,4.7453723123718206,1
222,12.982516749999997,77.63912359999999,250.9969909158618,4.628893180244344,2
223,12.98009182482699,77.63939373623002,428.842160723893,5.097349183265168,2
224,12.982721249999997,77.63944589999998,279.18561675555236,4.40574134023614,4
225,12.982751974122726,77.63978429520958,301.5563076833993,6.281583849855907,1
226,12.982680483733882,77.63886412594361,200.10104739012536,4.249920553351148,4
227,12.98170784427669,77.63994172546703,437.6448877082429,5.132145434579464,2
228,12.98269875,77.6391976,250.9969909158618,3.740852541384027,3
229,12.982797965052898,77.64035827410073,398.5863701675846,6.923523934543772,2
230,12.980533399999999,77.63984040000001,477.7097412991801,5.298528768539021,3
231,12.982617499999998,77.64036540000002,408.5577548798012,5.933260571775055,5
232,12.983059018848376,77.64006562422726,398.5863701675846,6.656209771774716,4
233,12.980097399999996,77.64000734999999,528.4951803447428,4.649231653723305,1
234,12.980428249999997,77.64000205,528.4951803447428,6.922953489131782,3
235,12.98227645,77.63992765,350.3135341458872,6.547506462481589,2
236,12.982532715821486,77.63922877407346,250.9969909158618,3.4089490233200603,2
237,12.982708883797866,77.63931471703468,279.18561675555236,6.2896625277708385,1
238,12.9827492,77.63967964999999,301.5563076833993,4.823371554402648,2
239,12.981706399999998,77.63977385000001,390.3176887323678,4.944433008130326,2
240,12.982642525832352,77.64047975542553,408.5577548798012,4.909460544944642,2
241,12.982548249999999,77.63933485,279.18561675555236,4.783234608812609,3
242,12.982754850000003,77.6395538,301.5563076833993,3.6081859276937545,2
243,12.981014200000006,77.6402839,528.4951803447428,7.168411914949079,2
244,12.982810350000001,77.64047915,398.5863701675846,5.17359191010723,4
245,12.980649874843136,77.6393652906574,428.842160723893,6.835109664374739,3
246,12.980418875166684,77.63954216331085,477.7097412991801,7.13150734066094,3
247,12.9806707,77.6402999,528.4951803447428,6.513889372255642,1
248,12.98144825,77.6402291,437.6448877082429,5.511520816359722,1
249,12.982560811590691,77.63981182419556,301.5563076833993,6.1206345501375425,4
250,12.982484349999998,77.63855850000002,200.10104739012536,3.125593395311742,4
251,12.98052604468168,77.63937002516836,428.842160723893,6.7956823335536,2
252,12.982679749999994,77.63875594999999,200.10104739012536,5.6491896004320985,1
253,12.9805265,77.6395559,477.7097412991801,4.662550810589735,3
254,12.98280945,77.6402487,398.5863701675846,5.6952190941475065,2
255,12.980088525254953,77.63985041227353,477.7097412991801,6.4802092940195255,2
256,12.982594886965371,77.63992612584194,350.3135341458872,4.142065940793453,5
257,12.983093649999999,77.63889454999999,100.6524081177038,3.9731187119389606,3
258,12.983077849999997,77.64018535,398.5863701675846,4.480295371033974,3
259,12.982497799999997,77.6386678,200.10104739012536,4.537306579763271,4
260,12.982278749999999,77.63978205000001,301.5563076833993,4.103170397085745,5
261,12.982442999999998,77.63832784999998,151.43033599112047,5.368832579984923,4
262,12.980634149999998,77.63954785,477.7097412991801,6.558874949209889,3
263,12.9828116,77.64011564999998,350.3135341458872,5.255026865888339,4
264,12.982609949999995,77.6400452,350.3135341458872,4.830702157974161,2
265,12.982573884576372,77.63957227591214,301.5563076833993,4.896176025123604,2
266,12.983069326147318,77.64030835301381,398.5863701675846,4.021602803753735,4
267,12.981998719077065,77.64023116311043,437.6448877082429,5.669566739621985,4
268,12.982497923977494,77.63878964378664,200.10104739012536,3.7130991589721525,2
269,12.982483649999999,77.6384462,200.10104739012536,5.384682148494495,1
270,12.982773488282714,77.64000852580237,350.3135341458872,5.414244190637126,1
271,12.983353546365176,77.64035513997014,398.5863701675846,6.770401940582358,1
272,12.982616850000001,77.64014565,350.3135341458872,6.484632982062492,4
273,12.983068028665993,77.63870500325253,100.6524081177038,2.756985192302604,4
274,12.983127935250815,77.639218364382,250.9969909158618,5.7293798287369615,2
275,12.984335830605326,77.64400595151311,895.1898864471987,9.396302208304697,3
276,12.981652694891197,77.64100037524152,548.1620251941551,7.254271575709938,3
277,12.980141975445997,77.64106276607771,729.3608900703565,8.213802269466784,3
278,12.9794423,77.6410793,829.424809979245,8.777305700069643,4
279,12.981334450000002,77.64100435,621.9449496039956,7.938706844354977,2
280,12.980959775567753,77.64103166122186,621.9449496039956,5.597600010193023,5
281,12.979600071875174,77.64106559303312,729.3608900703565,7.719906846942953,2
282,12.978626599999998,77.6410794,867.7546951973395,8.61745363322423,4
283,12.98064905,77.64104205,729.3608900703565,6.493360299267167,5
284,12.982134893753074,77.64096827520956,420.2260675371919,5.873510872754718,1
285,12.981951899999997,77.6409755,548.1620251941551,7.320943658441876,2
286,12.980794305857954,77.64103952442177,621.9449496039956,5.685952298609866,2
287,12.982304105044916,77.64096182429614,420.2260675371919,5.975558670693385,3
288,12.980296474528272,77.64105938750839,729.3608900703565,7.94274186695681,2
289,12.98055432349018,77.64189105325896,821.1259709950707,7.943015178341904,3
290,12.980990507361845,77.64205409483623,621.9449496039956,7.005540146925223,1
291,12.982519475763935,77.63832430980942,151.43033599112047,3.1337883264814144,4
292,12.982597974242706,77.63832064097303,140.7921417525406,4.723929594077489,5
293,12.98267455,77.63831710000001,140.7921417525406,5.418945038506185,5
294,12.978183575651682,77.64197200582402,947.3974765586636,8.344000281433068,3
295,12.978178340699857,77.64211992887556,947.3974765586636,8.113629969906812,1
296,12.97817647574803,77.64225090437542,1069.1118681655792,8.296346843950365,2
297,12.97817835,77.64240615,1069.1118681655792,9.327218822772831,4
298,12.97793155,77.64210944999999,1021.0470348565643,8.422390348645273,4
299,12.977952787758197,77.64225107565413,1142.6268010737651,7.820814685647961,3
300,12.978187013768467,77.64262787431007,1069.1118681655792,10.043674927175019,5
301,12.97820572423246,77.64275329583936,1069.1118681655792,7.66297306571826,5
302,12.9837704834645,77.64186346680938,569.5452767546349,6.422842392989154,5
303,12.9838604,77.64189545,569.5452767546349,6.76147182818532,5
304,12.984129613808276,77.64127637032138,465.57011232289665,4.57152285271593,5
305,12.98387255,77.6409774,571.5979316342697,6.3269350648598035,3
306,12.98377545,77.64098969999999,571.5979316342697,6.784332078946467,3
307,12.983637126870649,77.64135521080163,520.9779139788834,5.69031716241769,2
308,12.983751349999997,77.64169475,569.5452767546349,7.317702196637995,1
309,12.98364452426046,77.64155564179075,520.9779139788834,7.560151609220303,1
310,12.983656,77.64087805,571.5979316342697,6.946566499953798,1
311,12.983666649999998,77.64079219999999,571.5979316342697,7.008476720372419,4
312,12.983756753777833,77.64156112435599,520.9779139788834,6.807812938791724,2
313,12.983673999999999,77.64111305,571.5979316342697,7.184100339009551,3
314,12.98416057915055,77.64016670612368,365.656074724209,6.738766833761744,1
315,12.98166644572557,77.64121452517345,548.1620251941551,5.3827701850996235,4
316,12.981561694847553,77.64120562515683,621.9449496039956,6.857577709111675,4
317,12.978889724808287,77.64168544505966,829.424809979245,8.291058499023968,4
318,12.982105354364153,77.64119122482836,537.1266843494586,5.8194230873940445,5
319,12.981326975148106,77.64121621211635,621.9449496039956,6.808726877312385,2
320,12.978931137932312,77.64244478003037,934.7456046815137,8.873384582341359,1
321,12.978913563771123,77.64193183126177,934.7456046815137,8.491576067336242,2
322,12.9802366,77.6412623,729.3608900703565,6.7421813536587525,3
323,12.9812216,77.6412192,621.9449496039956,7.9769936837016235,2
324,12.980132018525293,77.64127053563244,729.3608900703565,6.008365202202332,4
325,12.98066476962253,77.64125213770494,621.9449496039956,6.587853195947697,1
326,12.978710099999997,77.64328359999999,1027.6197513692325,8.87139810164742,5
327,12.982217604925182,77.64119022483918,502.8859532981393,4.9517059918246575,3
328,12.978705742128641,77.64315749597115,1027.6197513692325,7.914981350902858,3
329,12.978658075564585,77.64222385448089,934.7456046815137,7.227884991053722,2
330,12.981440024843467,77.64121548670424,621.9449496039956,5.810600080727044,1
331,12.978932810997025,77.64259952445767,982.771420949671,8.891114769946165,2
332,12.97866885774953,77.64234757144013,934.7456046815137,7.013249335795966,4
333,12.980777474854225,77.64124083763284,621.9449496039956,6.051122408997555,4
334,12.978885499999999,77.64143265000001,829.424809979245,7.015470266702448,1
335,12.978860975523597,77.64130320601971,829.424809979245,7.3318185067043276,4
336,12.980442905334817,77.64125927484,729.3608900703565,5.67263427620469,4
337,12.978705200344413,77.6430033660169,1027.6197513692325,9.74457922685232,4
338,12.98188647516008,77.64119676374023,548.1620251941551,5.97326084434396,5
339,12.98178505,77.64119925,548.1620251941551,5.831866597900969,3
340,12.978923361646494,77.64325436902877,1023.598723937867,9.83819345123921,1
341,12.978662125510628,77.6427223043522,1027.6197513692325,8.892001826287284,1
342,12.978886799999998,77.64156339999998,829.424809979245,6.9243370225956244,5
343,12.978645420193232,77.64157127469237,947.3974765586636,7.858477030118529,4
344,12.98234025,77.64118584999999,502.8859532981393,5.330796443402809,5
345,12.980333299999998,77.64125795000001,729.3608900703565,7.969867067755402,4
346,12.984010390714504,77.64182172818887,569.5452767546349,4.909011253957946,5
347,12.983977699999992,77.64194554999999,569.5452767546349,6.491683413755256,1
348,12.984261116239951,77.64187922062878,569.5452767546349,7.184447340501972,5
349,12.98421065,77.64047359999999,365.656074724209,6.477238953425529,3
350,12.98414195,77.64314100000001,569.5452767546349,5.492248720171309,3
351,12.984018214798441,77.64317602144529,569.5452767546349,7.511552239614179,5
352,12.983831299999999,77.64169655,569.5452767546349,7.116160086182553,4
353,12.98405795183257,77.64390021850372,1149.5970156683554,9.599527017538723,2
354,12.97887065,77.6410549,794.2777120251919,7.419800975837546,3
355,12.97865155977578,77.6418342799452,947.3974765586636,9.249348111891765,5
356,12.97891685,77.6423144,934.7456046815137,7.459952135640971,5
357,12.978918475538691,77.64206025490371,934.7456046815137,9.028369993909015,1
358,12.9786355440752,77.64143552805878,947.3974765586636,6.927404430737494,5
359,12.977970149999996,77.6427137,1142.6268010737651,10.637381317822717,2
360,12.97792855,77.64194904999998,1021.0470348565643,9.18800162293149,5
361,12.97796027438515,77.64245909002385,1142.6268010737651,8.585144896259125,3
362,12.977376036693087,77.64197973064009,1078.5267871977085,9.485495016600982,4
363,12.97735305,77.64185305000001,1078.5267871977085,8.534201557434534,4
364,12.9775183,77.64137514999999,1021.0470348565643,7.580894871982759,4
365,12.977334625618303,77.64139525558659,1078.5267871977085,8.954826960132035,2
366,12.97755276337427,77.64196706921733,1021.0470348565643,7.468737750462857,4
367,12.977404,77.64174055000001,1078.5267871977085,9.627876594691081,5
368,12.977328049999999,77.6411441,1009.172808942161,7.1026567722513265,4
369,12.977553574633063,77.64209654319774,1021.0470348565643,7.699487211935466,3
370,12.98221575,77.64164805,502.8859532981393,6.796661088014407,3
371,12.98188093356222,77.64244830031252,723.2911700628055,8.384361023040618,3
372,12.98132214357251,77.64307386930568,751.4331742566142,8.037857995709533,1
373,12.97994115,77.64387500000001,944.2759361692744,8.802741511719555,1
374,12.981605899999998,77.6424106,723.2911700628055,7.126167332754726,3
375,12.980359599999998,77.6442229,974.3834405292068,8.578098550246558,3
376,12.98068255,77.64406875,884.1964970449403,6.610850948742893,4
377,12.981781762017627,77.6427165331618,723.2911700628055,6.730370837735591,1
378,12.979227852699998,77.6421103744431,934.7456046815137,8.853505879963883,4
379,12.979304650000003,77.6421082,966.154301608969,7.364761423829032,2
380,12.982098214238414,77.64149017849127,537.1266843494586,5.407348972718742,1
381,12.982060000000004,77.64177435,537.1266843494586,6.96429580252165,4
382,12.979496026415239,77.64380856280563,1083.1408317901478,9.854262964715513,1
383,12.981394149999998,77.6428625,723.2911700628055,7.570426272293815,5
384,12.981704823600793,77.64245856415067,723.2911700628055,6.798859582484921,3
385,12.98059547647552,77.64408416120263,884.1964970449403,6.453932429190945,2
386,12.981099023581642,77.64437298684561,1226.9038958210285,8.2033199722893,3
387,12.979300099999998,77.6413488,829.424809979245,7.00764595538438,4
388,12.9821687,77.64172900000001,502.8859532981393,6.873486578082495,2
389,12.979851706346503,77.64388677366372,944.2759361692744,9.612995911539612,1
390,12.98148061920219,77.64298215466097,745.930072685612,8.363397883540125,1
391,12.9797223,77.64148820000001,754.7088717016721,5.7849954691565975,5
392,12.98018090529775,77.644118873458,944.2759361692744,7.400437413049509,3
393,12.97951065,77.64197539999999,966.154301608969,9.668659602718748,3
394,12.98051217338782,77.6440854858156,884.1964970449403,9.321062842901894,2
395,12.981651358367051,77.64225948089253,723.2911700628055,7.156794221508131,1
396,12.981847346141068,77.64196486908638,548.1620251941551,4.816014820302566,3
397,12.979539828770394,77.64139630261505,754.7088717016721,8.173210023340854,1
398,12.979665499999996,77.6439204,944.2759361692744,7.3985574076399345,5
399,12.981862399999999,77.64253890000002,723.2911700628055,6.879668645799136,2
400,12.979803645808945,77.64162497344084,754.7088717016721,6.232213767880209,5
401,12.979257799999997,77.64179504999998,966.154301608969,6.944951119923901,2
402,12.980428049999997,77.64409839999998,944.2759361692744,7.521884235510674,5
403,12.979280323682739,77.64263683999653,982.771420949671,7.885391801067786,1
404,12.980247383398725,77.64384262665448,944.2759361692744,9.61969281915599,3
405,12.982226599999999,77.64151935000001,502.8859532981393,4.854344286645905,1
406,12.9820984,77.642095,537.1266843494586,7.445764398390883,4
407,12.97960105,77.64379080000002,1083.1408317901478,8.425062794422107,1
408,12.981904218235007,77.6423886173771,723.2911700628055,6.107238987663111,1
409,12.98137301817902,77.64292995182636,723.2911700628055,7.7925800430881935,5
410,12.979757349999996,77.6413886,754.7088717016721,5.786962101493703,1
411,12.980347494335229,77.64410492650693,944.2759361692744,9.573409982085181,2
412,12.98204417131729,77.64192460637587,537.1266843494586,6.263716834701075,2
413,12.979324523651698,77.64295224356094,1023.598723937867,9.94782307527202,4
414,12.980879694991968,77.6444008264336,884.1964970449403,9.388935482160642,2
415,12.980772378526058,77.64405751026821,884.1964970449403,6.478303433615203,2
416,12.979337977001137,77.64151550563946,829.424809979245,6.3123693978770445,3
417,12.98175775912913,77.64278768181303,723.2911700628055,7.986922080182369,2
418,12.979489566219076,77.64186397412517,966.154301608969,7.930941735546326,4
419,12.982012035269435,77.64198552055264,537.1266843494586,6.584050170817269,3
420,12.98206555,77.64224875,537.1266843494586,7.069404924156379,5
421,12.979544749999999,77.64129080000001,829.424809979245,7.429299629536807,1
422,12.97990472522725,77.64184359002329,821.1259709950707,8.611443947714271,2
423,12.980265173514027,77.64411348856115,944.2759361692744,8.30762715816599,1
424,12.982048231353415,77.64183206983824,537.1266843494586,5.2382956150173285,5
425,12.979953049999999,77.64373959999999,944.2759361692744,7.17090944904039,5
426,12.981740805446288,77.64238843069452,723.2911700628055,5.7128308196753075,5
427,12.980988499999999,77.64438505,884.1964970449403,8.460124090776374,2
428,12.980605944067586,77.64419832648669,884.1964970449403,9.342484283986028,5
429,12.981806613331619,77.64265163248608,723.2911700628055,7.711297021274419,5
430,12.981856603675519,77.64188548096035,548.1620251941551,6.50168249516374,3
431,12.981961600000002,77.642204,537.1266843494586,5.128187214272769,4
432,12.982166135674307,77.64181102061907,502.8859532981393,6.474729449878987,3
433,12.979855118401249,77.64375281340305,944.2759361692744,9.080770827050456,1
434,12.981457349999998,77.64306269999999,745.930072685612,8.092798818358132,4
435,12.98052354383696,77.6442097264678,884.1964970449403,6.939940423785739,5
436,12.9816798691966,77.64219620464851,723.2911700628055,7.177741124792627,1
437,12.981832181257868,77.64204448916581,548.1620251941551,7.170425785545266,4
438,12.98211947882756,77.64198923896754,537.1266843494586,7.162605833780041,3
439,12.979906199999997,77.64174480000001,821.1259709950707,9.051378882719243,3
440,12.982049199999997,77.64170185,537.1266843494586,6.693838578316006,1
441,12.97975800616049,77.64390927365646,944.2759361692744,8.832729905387193,3
442,12.981826037383893,77.64259446706679,723.2911700628055,8.009589754890817,1
443,12.981494443271155,77.64291202937662,723.2911700628055,6.654213464693832,2
444,12.979298823634233,77.64279503835012,982.771420949671,8.210779065269337,2
445,12.9804414442661,77.64421457649138,974.3834405292068,7.385071480458183,2
446,12.981648277613745,77.64235073495539,723.2911700628055,6.9576828124480645,3
447,12.98078315,77.6441807,884.1964970449403,9.369721440639,2
448,12.981727638911055,77.6428588675062,745.930072685612,6.735150367932288,1
449,12.98199382078851,77.64205120388195,537.1266843494586,4.8834953099285645,2
450,12.981571871929365,77.64364065474395,723.3735295794143,5.994795268256068,4
451,12.981050172245187,77.64414765799275,884.1964970449403,8.85861620023471,3
452,12.981605756435135,77.64452247671693,847.428956293221,7.7726274141795475,5
453,12.981835050000003,77.64290270000002,723.3735295794143,5.698100204152325,2
454,12.981996349999998,77.6425032,723.2911700628055,5.930555700765675,1
455,12.981771399999998,77.643031,723.3735295794143,5.887057324534224,5
456,12.981077449999999,77.6440462,843.8556315675082,9.07889953247102,1
457,12.981904038276747,77.64277426772237,723.3735295794143,7.240264626770277,2
458,12.981504000000003,77.643469,745.930072685612,8.5321326520595,1
459,12.9819259686039,77.64271460270818,723.3735295794143,8.02331864588588,5
460,12.98198288094657,77.64258004584366,723.2911700628055,5.69691925779134,5
461,12.98161965,77.6434513,723.3735295794143,8.55029852692434,5
462,12.982084800000003,77.6421638,537.1266843494586,5.260839148370428,4
463,12.981514799999998,77.64340200000001,745.930072685612,8.685120077853247,3
464,12.981492165850966,77.64354176702344,723.3735295794143,8.149143273962638,1
465,12.981928642103375,77.64263412868893,723.2911700628055,5.696908046326537,4
466,12.981594450000001,77.6435847,723.3735295794143,8.055419417826023,1
467,12.981622599999998,77.64439909999999,847.428956293221,6.939559462911172,4
468,12.981104720176061,77.64389176407762,843.8556315675082,7.529380936809883,3
469,12.981445400000002,77.64374009999999,821.7283320868477,6.679512233008537,5
470,12.981284110920404,77.6436567779074,843.8556315675082,7.197434221337476,1
471,12.981399638315052,77.64386192203398,821.7283320868477,8.870450127537175,4
472,12.982026192806234,77.64244031844301,723.2911700628055,8.436963816968827,1
473,12.981217850000002,77.64343525,745.930072685612,7.625321281957133,3
474,12.981485072505432,77.64415235576628,821.7283320868477,8.853186663191288,4
475,12.981809654509249,77.64296161886197,723.3735295794143,8.305114883993294,4
476,12.981460814114408,77.64367837823436,723.3735295794143,6.281831965448594,5
477,12.981314457805828,77.64352072774983,745.930072685612,6.430217919002912,5
478,12.981500133606218,77.6440822723035,821.7283320868477,7.617047094354438,1
479,12.981560127430877,77.6438124941286,821.7283320868477,7.747537601158665,2
480,12.9815225,77.64396874999998,821.7283320868477,6.85274524569773,5
481,12.98160167194036,77.64351720478376,723.3735295794143,5.9117407331534135,2
482,12.981165142790589,77.64368367224814,843.8556315675082,9.166921382745162,1
483,12.98157920911013,77.64374422749229,723.3735295794143,7.119030895778268,4
484,12.98136835,77.64326715,745.930072685612,6.705698441216601,2
485,12.981615900000001,77.64429999999999,821.7283320868477,7.792950798251769,5
486,12.981520150000003,77.64451120000001,847.428956293221,8.233806622428695,3
487,12.981178537151845,77.64360323212966,843.8556315675082,6.403561259123917,2
488,12.981895200000004,77.64417040000001,821.7283320868477,7.109111034725659,4
489,12.981269659191469,77.64324473027219,751.4331742566142,7.895409059660244,4
490,12.981645641091477,77.64336687124238,723.3735295794143,8.008558444749568,4
491,12.98122509000844,77.64393966162714,843.8556315675082,7.449182427149372,2
492,12.98174295,77.64308949999999,723.3735295794143,5.727796866429966,5
493,12.981426378097476,77.64379969535278,821.7283320868477,8.028996829030964,2
494,12.984651950000002,77.6373772,100.6524081177038,3.181155650400135,1
495,12.983728608043048,77.64087631482033,571.5979316342697,5.023071838794728,4
496,12.983816456852594,77.64321627063919,569.5452767546349,6.41505619015043,5
497,12.983817693433389,77.64085107693359,571.5979316342697,5.3353443021260185,4
498,12.982085844205246,77.64157939424118,537.1266843494586,5.111120074946435,1
499,12.984050001513763,77.64176047417543,569.5452767546349,5.900683927076612,5
500,12.98397312304192,77.64147173410674,517.1883482653884,7.404842603348231,2
501,12.98396565,77.64158599999999,517.1883482653884,6.067791264501766,2
502,12.984049576618101,77.64143605704415,517.1883482653884,6.871927948234804,1
503,12.983963349999998,77.64088924999999,571.5979316342697,7.20360993724893,2
504,12.981959799999998,77.63854655,200.10104739012536,3.542995833074582,4
505,12.981964382450732,77.63835393436116,151.43033599112047,5.695858944265241,1
506,12.98030565,77.63890545000002,428.842160723893,6.921215041562938,2
507,12.980861099999998,77.63844094999999,428.842160723893,5.718571887967352,1
508,12.981761549999998,77.64227755,723.2911700628055,7.6374498017990105,4
509,12.979271874124509,77.64172719484917,829.424809979245,7.922149905441656,3
510,12.981196515086395,77.64354332758724,843.8556315675082,6.866622534945622,4
511,12.978941325841944,77.64350105411114,1083.1408317901478,9.798998505164656,2
512,12.97927925,77.64246890000001,982.771420949671,9.14913380453498,4
513,12.98199885,77.64119690000001,537.1266843494586,5.139366910122732,3
514,12.981389049999999,77.64404415,821.7283320868477,8.733871926584932,2
515,12.98153303826763,77.6433226703791,745.930072685612,8.670471730990373,3
516,12.981412249999998,77.6431142,745.930072685612,6.111619860691476,5
517,12.981701025694758,77.63954166716918,390.3176887323678,5.524843782684087,2
518,12.981775599999997,77.63953894999999,390.3176887323678,6.847507856453294,3
519,12.978039031296712,77.64173472419131,947.3974765586636,8.557774433674622,3
520,12.982441799999998,77.6414539,502.8859532981393,6.316651776123743,1
521,12.981129538333633,77.64123969796148,621.9449496039956,7.328984803509721,5
522,12.980992925153325,77.64123261336009,621.9449496039956,5.430535658148864,2
523,12.9808846,77.64123450000001,621.9449496039956,7.147889800012203,1
524,12.98204575,77.64235325,723.2911700628055,8.08934106530105,2
525,12.981871239538032,77.64283226806972,723.3735295794143,7.603063265816871,1
526,12.9813525,77.6433533,745.930072685612,6.4748701342794845,2
527,12.981338749999997,77.64343059999999,745.930072685612,7.283452251664139,4
528,12.98129953864705,77.64359432206574,745.930072685612,7.546992379441832,5
529,12.981264477758385,77.64373954287954,843.8556315675082,6.575757933356171,5
530,12.981225827794113,77.64387489350797,843.8556315675082,8.237018389019935,1
531,12.981207699999999,77.64399080000001,856.7459747359477,7.01764062623112,4
532,12.981192135849525,77.64404392195642,856.7459747359477,7.155511647269238,3
533,12.981183106377202,77.64410597563561,856.7459747359477,8.73890946352102,4
534,12.981168299999998,77.64417209999998,856.7459747359477,6.680606393185768,2
535,12.981749554715451,77.64208673074684,548.1620251941551,6.143039620914495,3
536,12.981765049999998,77.64200799999999,548.1620251941551,6.041642026116929,2
537,12.9817828,77.64193170000001,548.1620251941551,5.349247287157964,1
538,12.98190325,77.64169925,548.1620251941551,5.207307210633498,3
539,12.98166405,77.643046,745.930072685612,7.701049644484419,5
540,12.9816267,77.6430133,745.930072685612,6.512123812784869,3
541,12.98166589060065,77.64296591767993,745.930072685612,6.748201879538419,2
542,12.981702149999998,77.64291325,745.930072685612,7.583555951396079,3
543,12.98341928401924,77.6433168996871,569.5452767546349,7.079976243009909,2
544,12.983260300000001,77.6416859,601.2678868738494,6.174279237048917,4
545,12.983272200000002,77.641559,601.2678868738494,5.276325065882126,3
546,12.983295149999998,77.64147184999999,601.2678868738494,6.47217588829499,5
547,12.984011059227951,77.63893459137472,303.08031304980113,3.799330875669499,2
548,12.979795400726754,77.64096278039091,694.4827552786822,6.433343855385369,1
549,12.979908674733275,77.64131635388362,754.7088717016721,8.479657018767629,2
550,12.979292123996785,77.64108803056591,829.424809979245,7.50189060903317,5
551,12.981145031974615,77.64103296530483,621.9449496039956,8.075007013864827,1
552,12.981540808808157,77.64102172446633,621.9449496039956,5.432996214766498,4
553,12.989086173529634,77.63803554505404,303.08031304980113,5.598842728327261,4
554,12.98955015,77.63800495000001,303.08031304980113,3.7750572056933067,1
555,12.97892389375455,77.6430864226458,1023.598723937867,7.7862841243630045,3
556,12.978679439895176,77.64261271996676,1027.6197513692325,8.31163266544193,2
557,12.978658075515176,77.64209580532335,934.7456046815137,9.419287298014366,5
558,12.978674425535592,77.64247465485111,1027.6197513692325,7.337078472647833,3
559,12.978656475533649,77.64196300495483,947.3974765586636,9.269713537070668,4
560,12.97978845,77.6435533,944.2759361692744,7.610772749343436,4
561,12.979306399999995,77.64358485,1083.1408317901478,7.918307586231588,2
562,12.979705505441705,77.64355127412502,1083.1408317901478,8.273952721262207,3
563,12.97945322159689,77.64357409304858,1083.1408317901478,8.122489384927054,2
564,12.979874219032713,77.64354678593278,944.2759361692744,9.061860154613791,1
565,12.979619869492064,77.64353988754921,1083.1408317901478,8.352004145983077,2
566,12.97938822618031,77.64245731405171,966.154301608969,7.456469759972814,5
567,12.97951377649298,77.64231475336946,966.154301608969,9.718810549106134,1
568,12.979422473845167,77.64273889304462,982.771420949671,9.290964181727782,3
569,12.979907267971708,77.64239417508814,821.1259709950707,7.841737810305327,1
570,12.978970853100863,77.64334914590711,1023.598723937867,10.10514048018521,3
571,12.981586718499885,77.64312440950316,745.930072685612,6.0690006913142795,1
572,12.981681299999998,77.64316815000001,723.3735295794143,5.743422540504782,4
573,12.97932172546581,77.64306799457947,1023.598723937867,8.168983859227103,4
574,12.97931733392177,77.6434759756099,1083.1408317901478,8.944540621099048,3
575,12.979287313370735,77.64334823056404,1023.598723937867,7.868090987391984,3
576,12.978638800000002,77.64131265,947.3974765586636,8.93694800916213,5
577,12.978627599999998,77.64119675,867.7546951973395,6.876307278996899,5
578,12.979707425173249,77.64194544577673,821.1259709950707,7.411850025214214,1
579,12.979308000000005,77.64232460000001,966.154301608969,8.705152701677118,5
580,12.977008843482825,77.64124117571924,1009.172808942161,7.08125709134007,3
581,12.977006900000001,77.64151209999999,1078.5267871977085,10.377491989566682,2
582,12.977350750000001,77.64151360000001,1078.5267871977085,9.697136381848555,5
583,12.981209606270545,77.64435047365265,856.7459747359477,8.259468236359535,5
584,12.980930233377382,77.64301284969244,751.4331742566142,8.623188275769701,5
585,12.98213920253642,77.64454893520582,1382.0055903503785,10.490572597293193,4
586,12.982249950000003,77.6402171,350.3135341458872,5.335156198147338,5
587,12.980979513921179,77.6399446813191,528.4951803447428,5.532620857327636,2
588,12.97953565,77.64353779999999,1083.1408317901478,8.104182994555629,5
589,12.979713049999999,77.6437782,944.2759361692744,8.57058969024577,2
590,12.980078350000001,77.63893129999998,428.842160723893,4.912474171731496,1
591,12.980693419909482,77.64418893674683,884.1964970449403,6.86353273338526,1
592,12.988622773529638,77.63807804505402,303.08031304980113,6.157278439841355,5
593,12.988588773529637,77.63769654505404,303.08031304980113,4.668275987827239,3
594,12.98904917352964,77.63766944505404,303.08031304980113,6.501537058578464,4
595,12.989496373529635,77.63763264505404,303.08031304980113,4.786413904307369,3
596,12.981932150000002,77.63977874999999,345.20550489062765,4.9388895156631945,3
597,12.97862925926308,77.64171557100208,947.3974765586636,6.747401799275508,1
598,12.97887502437709,77.64116939587846,829.424809979245,6.321047987267273,3
599,12.981788300000002,77.64097890000001,548.1620251941551,7.515450284321309,3
600,12.981340349999998,77.64025614999998,437.6448877082429,6.850893108226089,5
601,12.981522045265036,77.63904142516893,340.38111558443416,3.723460299012995,5
602,12.986605520662335,77.64214305370172,465.57011232289665,5.624174648921923,3
603,12.986854320662335,77.64220605370171,465.57011232289665,5.124799553926678,4
604,12.988372902891209,77.6417292272923,465.57011232289665,6.325597197150827,1
605,12.97750925,77.64112800000001,1085.5008992146315,9.54514848507698,4
606,12.983483089015937,77.64084247577925,571.5979316342697,7.714969015784889,3
607,12.980464775591411,77.64104291292993,729.3608900703565,7.655184042321357,2
608,12.983022200000002,77.6404519,398.5863701675846,4.241536746236608,2
609,12.981321599999998,77.64436159999998,856.7459747359477,8.46207204270869,3
610,12.9814402,77.64430475000002,821.7283320868477,6.342285156353497,3
611,12.981415856010788,77.64439462373058,847.428956293221,7.091224625539086,3
612,12.98148557376961,77.64438929069344,847.428956293221,8.441561495345876,5
613,12.979278511542526,77.6419799803901,966.154301608969,9.715738674538,2
614,12.979224307329527,77.6418864246637,934.7456046815137,9.511300269096996,2
615,12.979322950000002,77.64188725000001,966.154301608969,7.879750976161189,4
616,12.978928275542701,77.64219235479635,934.7456046815137,8.620569923654477,5
617,12.98362646876998,77.63865974093692,100.6524081177038,4.579659186539606,2
618,12.984057685920614,77.6411641176432,465.57011232289665,4.725517187203836,2
619,12.9837299,77.6413414,520.9779139788834,5.197826452533182,3
620,12.983726050000001,77.6412168,520.9779139788834,7.403543179653886,4
621,12.983847499999998,77.64123715,517.1883482653884,7.270551413322262,3
622,12.983890663982695,77.6413126728935,517.1883482653884,4.747358335520134,4
623,12.977552360260287,77.64222287463033,1021.0470348565643,8.268887446060727,2
624,12.97729945,77.64174895000001,1078.5267871977085,9.578336022707695,4
625,12.977334737549937,77.64125442562198,1009.172808942161,9.367462890367602,4
626,12.9775076,77.64124670000001,1085.5008992146315,8.06604866279367,4
627,12.977525384251619,77.6415073673911,1021.0470348565643,9.212161120442921,5
628,12.983524399999999,77.64173975,601.2678868738494,6.714846906512729,5
629,12.983542711369292,77.64185472714031,601.2678868738494,6.028005657650606,4
630,12.983412023000183,77.64181275816759,601.2678868738494,5.96393248965864,1
631,12.983420549999996,77.64173504999998,601.2678868738494,6.826288025814022,5
632,12.983468899999997,77.6416559,601.2678868738494,6.547973331155986,2
633,12.983477349999996,77.64152580000001,601.2678868738494,7.359460163552616,5
634,12.983625699999996,77.64123615,520.9779139788834,5.913315633906096,4
635,12.9836714,77.64122625000002,520.9779139788834,6.865133755992898,5
636,12.983960816779918,77.64171997262223,569.5452767546349,6.37912091329491,2
637,12.983931976806984,77.64167286361335,569.5452767546349,5.761053914917042,2
638,12.983911877222848,77.64147321949122,517.1883482653884,5.384407618420464,5
639,12.984098765349794,77.64193402205234,569.5452767546349,4.895697272544088,4
640,12.979695399999999,77.64104069999999,729.3608900703565,6.810131077575175,4
641,12.979820184384879,77.64103236745956,729.3608900703565,7.5165334901773875,2
